Run_s,collection_day_s,description_s,nutrition_calcium_s,nutrition_calorie_s,nutrition_carb_s,nutrition_cholesterol_s,nutrition_fat_s,nutrition_fiber_s,nutrition_protein_s,nutrition_satfat_s,nutrition_sodium_s,nutrition_sugar_s
ERR531441,233,-100,0,0,0,0,0,0,0,0,0,0
ERR531442,169,-200,0,0,0,0,0,0,0,0,0,0
ERR531443,138,-100,1820.42,1124.26268,158.2822909,82,30.80039962,21.48099998,40.98984802,12.10025981,1609.28873,25.36068965
ERR531444,267,-100,0,0,0,0,0,0,0,0,0,0
ERR531445,96,-200,0,0,0,0,0,0,0,0,0,0
ERR531446,63,-200,0,0,0,0,0,0,0,0,0,0
ERR531447,129,-100,1251.753319,4219.569958,638.3764284,625.7399998,127.2658997,33.78500009,149.8079988,35.44035994,6072.616638,158.8667998
ERR531448,245,-100,0,0,0,0,0,0,0,0,0,0
ERR531449,21,-100,217.3733298,1753.726907,198.4379172,100,82.9707607,14.18980042,66.57761554,17.18051288,3159.123654,84.52600153
ERR531450,346,-100,0,0,0,0,0,0,0,0,0,0
ERR531451,69,-100,517.1766682,2055.893347,283.5657892,293.4199994,57.17546707,6.342333317,90.9884693,18.58820335,2019.265005,115.3092674
ERR531452,80,-100,0,0,0,0,0,0,0,0,0,0
ERR531453,242,-100,0,0,0,0,0,0,0,0,0,0
ERR531454,240,-101,0,0,0,0,0,0,0,0,0,0
ERR531455,131,-101,220.579998,2413.260002,241.6760025,148.6000061,98.88400006,10.05600011,138.6180024,25.08556122,2611.520035,67.93780017
ERR531456,275,-101,0,0,0,0,0,0,0,0,0,0
ERR531457,157,-100,69.1899991,1074.570011,170.7663012,122.3499985,21.42834996,9.21299988,51.43479896,7.058004986,369.899998,60.21609832
ERR531458,154,-100,439.0499978,4027.000016,358.7390051,514.7999954,129.1832017,10.24100012,245.8056995,46.69978015,5173.749988,96.46529914
ERR531459,120,-200,0,0,0,0,0,0,0,0,0,0
ERR531460,63,-100,583.828012,1902.716501,223.3709368,532.0499916,72.80736942,11.03604991,93.80941124,31.527668,1488.035015,75.49553965
ERR531461,160,-100,384.0800023,1312.500409,79.83852458,250.6399994,48.54260017,3.749333292,70.31896317,16.76133001,2302.330003,2.646166686
ERR531462,161,-100,636.506997,3225.741006,400.7691532,323.9940075,139.743849,19.91470077,100.3709508,58.58204286,5738.884131,210.13207
ERR531463,108,-101,0,0,0,0,0,0,0,0,0,0
ERR531464,142,-200,0,0,0,0,0,0,0,0,0,0
ERR531465,264,-100,0,0,0,0,0,0,0,0,0,0
ERR531466,276,-101,0,0,0,0,0,0,0,0,0,0
ERR531467,200,-101,920.8000002,1961.470014,287.2226019,166.6399994,48.65780047,22.84799999,67.5906024,21.39772005,3861.580004,102.1968
ERR531468,47,-100,790.3759983,3331.392003,526.2315619,273,93.8389219,30.12840021,112.0285617,38.64244731,5585.396,250.7916403
ERR531469,186,-101,444.2199993,1522.125096,215.7289944,127.3000031,46.14740038,13.20000005,62.5746007,18.05474019,2526.962265,112.2154922
ERR531470,196,-101,309.79,2745.570017,333.9950018,375.2200012,93.6879999,4.264000058,109.8591986,25.72211997,3358.489975,87.65800001
ERR531471,169,-101,700.54,1301.670003,199.8886032,44.40000153,42.89979985,2.282000065,34.61460114,17.00640012,1877.390007,105.079
ERR531472,17,-200,0,0,0,0,0,0,0,0,0,0
ERR531473,317,-100,0,0,0,0,0,0,0,0,0,0
ERR531474,89,-101,0,0,0,0,0,0,0,0,0,0
ERR531475,165,-101,319.4799995,1653.74,244.2000008,50,47.69480038,9.200000048,45.16880035,19.50948,2831.98,154.5
ERR531476,115,-101,0,0,0,0,0,0,0,0,0,0
ERR531477,68,-101,115.0725,2320.031747,363.669657,106,29.85620003,20.19950008,58.45434968,8.583699999,2505.469606,102.2601569
ERR531478,301,-100,0,0,0,0,0,0,0,0,0,0
ERR531479,186,-200,0,0,0,0,0,0,0,0,0,0
ERR531480,127,-200,0,0,0,0,0,0,0,0,0,0
ERR531481,79,-100,0,0,0,0,0,0,0,0,0,0
ERR531482,350,-101,0,0,0,0,0,0,0,0,0,0
ERR531483,201,-100,316.5899992,1827.532659,252.9631357,222,49.27919984,10.77399979,76.74669731,15.79598495,4335.713731,111.2409397
ERR531484,119,-101,0,0,0,0,0,0,0,0,0,0
ERR531485,198,-101,341.5635471,1725.114308,310.348259,47.70560837,37.23128796,32.00676608,40.11946487,13.31062615,2865.05662,148.3851323
ERR531486,182,-200,0,0,0,0,0,0,0,0,0,0
ERR531487,200,-200,0,0,0,0,0,0,0,0,0,0
ERR531488,192,-200,0,0,0,0,0,0,0,0,0,0
ERR531489,234,-100,0,0,0,0,0,0,0,0,0,0
ERR531490,285,-100,0,0,0,0,0,0,0,0,0,0
ERR531491,84,-100,0,0,0,0,0,0,0,0,0,0
ERR531492,74,-101,0,0,0,0,0,0,0,0,0,0
ERR531493,10,-200,0,0,0,0,0,0,0,0,0,0
ERR531494,128,-100,1014.95,3114.139996,482.3836003,506.6799965,82.37889989,41.81399995,125.8289996,24.56593002,4731.959993,174.2951999
ERR531495,38,-200,0,0,0,0,0,0,0,0,0,0
ERR531496,182,-101,408.8399994,2556.439992,337.1836701,388.0250015,80.48037969,4.481899992,132.0515401,33.36263193,5011.571,171.6988
ERR531497,33,-100,658.1989296,3536.124865,402.3529659,329.97013,106.6709761,21.91267567,123.8813428,29.69389847,4007.894043,61.84751376
ERR531498,52,-101,958.282496,2390.334993,403.9954035,131.7000008,54.97290049,43.3685009,94.63315226,18.36125017,3159.600011,157.4627496
ERR531499,340,-101,0,0,0,0,0,0,0,0,0,0
ERR531500,237,-100,0,0,0,0,0,0,0,0,0,0
ERR531501,44,-101,601.6677621,2445.881813,387.3215048,131.9099992,76.29548053,27.90678108,65.63185383,20.78402444,1982.867244,189.7093277
ERR531502,41,-101,678.0690036,1784.288023,259.5011244,291.6399994,39.54096088,18.36655048,88.7637676,9.912693074,1723.32351,126.6060005
ERR531503,220,-101,0,0,0,0,0,0,0,0,0,0
ERR531504,28,-100,445.8000002,2873.752586,346.2123451,554.5714264,109.4852543,9.274857104,129.2216282,37.03594566,5215.49313,126.4023898
ERR531505,94,-200,0,0,0,0,0,0,0,0,0,0
ERR531506,336,-100,0,0,0,0,0,0,0,0,0,0
ERR531507,9,-100,653.8799963,2051.446979,350.0630217,143.3444398,35.38808296,27.86851889,93.57291859,11.64235499,2059.846136,110.5919975
ERR531508,279,-100,0,0,0,0,0,0,0,0,0,0
ERR531509,252,-101,0,0,0,0,0,0,0,0,0,0
ERR531510,60,-200,0,0,0,0,0,0,0,0,0,0
ERR531511,24,-200,0,0,0,0,0,0,0,0,0,0
ERR531512,296,-101,0,0,0,0,0,0,0,0,0,0
ERR531513,53,-100,896.2907915,3937.334086,360.670454,262,138.6471733,13.34123385,90.71843377,39.33075629,5119.126942,173.8000011
ERR531514,331,-101,0,0,0,0,0,0,0,0,0,0
ERR531515,295,-101,0,0,0,0,0,0,0,0,0,0
ERR531516,57,-101,532.8280015,2057.824014,270.0993611,203.3099999,71.88975986,4.876199991,83.04268016,19.796736,2464.591999,93.8311609
ERR531517,115,-200,0,0,0,0,0,0,0,0,0,0
ERR531518,193,-200,0,0,0,0,0,0,0,0,0,0
ERR531519,82,-101,0,0,0,0,0,0,0,0,0,0
ERR531520,221,-101,0,0,0,0,0,0,0,0,0,0
ERR531521,61,-200,0,0,0,0,0,0,0,0,0,0
ERR531522,1,-200,0,0,0,0,0,0,0,0,0,0
ERR531523,150,-200,0,0,0,0,0,0,0,0,0,0
ERR531524,90,-101,0,0,0,0,0,0,0,0,0,0
ERR531525,143,-100,1051.600001,1758.688736,267.1650829,265.830986,53.80240002,5.792000055,54.97879207,23.8214601,1363.83071,135.3029437
ERR531526,204,-100,0,0,0,0,0,0,0,0,0,0
ERR531527,343,-101,0,0,0,0,0,0,0,0,0,0
ERR531528,358,-101,0,0,0,0,0,0,0,0,0,0
ERR531529,231,-200,0,0,0,0,0,0,0,0,0,0
ERR531530,196,-100,309.79,2745.570017,333.9950018,375.2200012,93.6879999,4.264000058,109.8591986,25.72211997,3358.489975,87.65800001
ERR531531,212,-100,0,0,0,0,0,0,0,0,0,0
ERR531532,53,-101,896.2907915,3937.334086,360.670454,262,138.6471733,13.34123385,90.71843377,39.33075629,5119.126942,173.8000011
ERR531533,16,-100,782.3399973,3617.739985,510.4579973,410.8799992,113.9181991,29.472,147.2521997,41.29245995,5347.079994,142.717999
ERR531534,169,-100,700.54,1301.670003,199.8886032,44.40000153,42.89979985,2.282000065,34.61460114,17.00640012,1877.390007,105.079
ERR531535,101,-101,0,0,0,0,0,0,0,0,0,0
ERR531536,152,-100,1320.54,2057.770009,305.5086021,142.5,65.48980001,19.63200003,63.53460026,23.6264,2769.82,127.079
ERR531537,193,-100,278.8449996,1504.408898,245.9887922,0,36.87256046,37.21918626,38.61633313,8.524570037,2333.966122,81.35752662
ERR531538,167,-100,734.4899998,1758.595006,272.5860004,64.5,60.02490038,5.955000043,41.39990044,21.18024001,1379.615,177.34125
ERR531539,272,-101,0,0,0,0,0,0,0,0,0,0
ERR531540,189,-101,261.9990015,2913.61799,330.2738209,197.0699959,117.4752604,15.21455003,109.571565,29.23553319,3045.54349,60.50149948
ERR531541,153,-200,0,0,0,0,0,0,0,0,0,0
ERR531542,318,-100,0,0,0,0,0,0,0,0,0,0
ERR531543,156,-101,846.5414982,2632.502721,385.6418495,247.9449837,87.90922914,13.55739999,83.76353014,26.39420214,1117.241194,213.0827434
ERR531544,2,-200,0,0,0,0,0,0,0,0,0,0
ERR531545,106,-100,0,0,0,0,0,0,0,0,0,0
ERR531546,118,-101,0,0,0,0,0,0,0,0,0,0
ERR531547,44,-100,601.6677621,2445.881813,387.3215048,131.9099992,76.29548053,27.90678108,65.63185383,20.78402444,1982.867244,189.7093277
ERR531548,171,-101,322.04,1284.580011,134.4553986,79,66.34599999,11.19799995,44.51910019,12.55501,1400.33,24.15700001
ERR531549,33,-200,0,0,0,0,0,0,0,0,0,0
ERR531550,130,-200,0,0,0,0,0,0,0,0,0,0
ERR531551,51,-101,557.9399972,2100.880011,249.7886026,286,69.6076998,37.94050168,102.8814516,24.15403001,2954.794999,88.02525195
ERR531552,286,-101,0,0,0,0,0,0,0,0,0,0
ERR531553,356,-100,0,0,0,0,0,0,0,0,0,0
ERR531554,41,-200,0,0,0,0,0,0,0,0,0,0
ERR531555,134,-100,1010,1590,216,80,60,6.5,51.5,19.25,2335,128.5
ERR531556,60,-100,1048.043343,2971.95477,430.9206077,254.7887909,97.07423683,13.16660015,145.3600713,43.01936749,3638.401164,197.571705
ERR531557,73,-100,0,0,0,0,0,0,0,0,0,0
ERR531558,23,-100,563.5006831,1920.687346,265.4126697,180,65.31967197,16.30292162,64.08692547,19.33671068,2226.963622,87.48735178
ERR531559,72,-101,0,0,0,0,0,0,0,0,0,0
ERR531560,119,-200,0,0,0,0,0,0,0,0,0,0
ERR531561,46,-101,930.9382892,2335.336294,387.180614,241.6268716,57.86443739,17.67010696,52.31903337,21.8882643,1743.573512,257.6591122
ERR531562,225,-101,0,0,0,0,0,0,0,0,0,0
ERR531563,75,-100,0,0,0,0,0,0,0,0,0,0
ERR531564,8,-200,0,0,0,0,0,0,0,0,0,0
ERR531565,114,-100,0,0,0,0,0,0,0,0,0,0
ERR531566,162,-100,672.8780005,2116.543022,353.2141094,150.8399963,42.18170005,19.02159991,81.3644993,14.28345646,1335.339986,182.7272601
ERR531567,282,-100,0,0,0,0,0,0,0,0,0,0
ERR531568,106,-200,0,0,0,0,0,0,0,0,0,0
ERR531569,288,-100,0,0,0,0,0,0,0,0,0,0
ERR531570,102,-200,0,0,0,0,0,0,0,0,0,0
ERR531571,359,-100,0,0,0,0,0,0,0,0,0,0
ERR531572,69,-200,0,0,0,0,0,0,0,0,0,0
ERR531573,66,-101,977.4666653,1818.960475,181.9985615,169.9942868,89.69798118,11.40890473,70.5497523,33.17331622,3074.968588,52.80595259
ERR531574,338,-100,0,0,0,0,0,0,0,0,0,0
ERR531575,213,-200,0,0,0,0,0,0,0,0,0,0
ERR531576,228,-200,0,0,0,0,0,0,0,0,0,0
ERR531577,78,-101,0,0,0,0,0,0,0,0,0,0
ERR531578,306,-100,0,0,0,0,0,0,0,0,0,0
ERR531579,31,-200,0,0,0,0,0,0,0,0,0,0
ERR531580,123,-100,239.4299951,1008.059999,149.8784001,285.26,28.45899979,9.5,44.23349936,13.86764004,2219.070002,54.67840004
ERR531581,117,-100,0,0,0,0,0,0,0,0,0,0
ERR531582,144,-100,658.9500008,3185.427521,529.9580338,270.1100006,51.37949972,28.62999976,117.3689992,15.39451,3316.510826,124.9595984
ERR531583,245,-101,0,0,0,0,0,0,0,0,0,0
ERR531584,228,-100,0,0,0,0,0,0,0,0,0,0
ERR531585,78,-100,0,0,0,0,0,0,0,0,0,0
ERR531586,249,-101,0,0,0,0,0,0,0,0,0,0
ERR531587,299,-100,0,0,0,0,0,0,0,0,0,0
ERR531588,17,-100,706.2813568,2081.447993,293.9068966,141.25,68.86648242,13.85333797,73.44456783,18.67191897,1770.815471,141.4285678
ERR531589,51,-200,0,0,0,0,0,0,0,0,0,0
ERR531590,198,-200,0,0,0,0,0,0,0,0,0,0
ERR531591,161,-101,636.506997,3225.741006,400.7691532,323.9940075,139.743849,19.91470077,100.3709508,58.58204286,5738.884131,210.13207
ERR531592,309,-100,0,0,0,0,0,0,0,0,0,0
ERR531593,289,-101,0,0,0,0,0,0,0,0,0,0
ERR531594,40,-100,866.166501,1564.984276,236.9236736,69.54999924,46.86165941,20.38394999,60.20377332,9.428866692,2192.265249,170.6804247
ERR531595,119,-100,0,0,0,0,0,0,0,0,0,0
ERR531596,160,-200,0,0,0,0,0,0,0,0,0,0
ERR531597,202,-101,224.7399998,1863.175008,241.7119026,295,64.0474,12,49.28439999,13.10474002,3830.1335,75.79710007
ERR531598,10,-100,604.1137238,1821.498302,286.683018,111.2761192,55.48702708,15.55307451,55.41155525,18.26331769,774.1913213,138.6228851
ERR531599,29,-100,819.6257381,2790.327927,338.760299,344.3340683,100.8396648,7.632000029,108.1236045,42.66029019,2000.032124,188.4818969
ERR531600,129,-200,0,0,0,0,0,0,0,0,0,0
ERR531601,159,-100,355.3499999,2282.110009,292.7992992,50,73.87740001,9.934999943,67.9296999,24.51517001,2794.729995,89.56400001
ERR531602,252,-200,0,0,0,0,0,0,0,0,0,0
ERR531603,216,-101,0,0,0,0,0,0,0,0,0,0
ERR531604,190,-100,213.6849995,2447.020823,278.9228669,350.635,73.48554941,17.61450001,86.37865049,30.9472051,1893.568897,100.6743175
ERR531605,73,-200,0,0,0,0,0,0,0,0,0,0
ERR531606,51,-100,557.9399972,2100.880011,249.7886026,286,69.6076998,37.94050168,102.8814516,24.15403001,2954.794999,88.02525195
ERR531607,148,-101,343.1299982,2220.03069,407.8157024,146.3599997,36.43799886,14.95299983,73.86829996,8.241000008,1599.136141,194.7396479
ERR531608,361,-101,0,0,0,0,0,0,0,0,0,0
ERR531609,147,-101,597.0700045,1990.940029,330.556206,417.6399994,38.75830042,15.14700001,81.89400238,7.459810108,2044.460007,174.8233996
ERR531610,313,-100,0,0,0,0,0,0,0,0,0,0
ERR531611,175,-101,502.6399999,1417.070004,203.7543011,132.5,46.7686,6.316000015,46.40950012,14.06557,2873.53,91.0395
ERR531612,89,-200,0,0,0,0,0,0,0,0,0,0
ERR531613,183,-200,0,0,0,0,0,0,0,0,0,0
ERR531614,101,-200,0,0,0,0,0,0,0,0,0,0
ERR531615,303,-101,0,0,0,0,0,0,0,0,0,0
ERR531616,140,-100,615.5200019,1164.699997,124.9838386,338.3600006,27.30676025,4.524799943,81.18267963,5.94418405,1851.09199,29.98059988
ERR531617,314,-101,0,0,0,0,0,0,0,0,0,0
ERR531618,3,-100,481.4224992,3048.030941,447.732461,163.3474998,117.7488035,24.26071861,65.86765957,41.49780266,2658.950011,238.8472483
ERR531619,176,-200,0,0,0,0,0,0,0,0,0,0
ERR531620,162,-101,672.8780005,2116.543022,353.2141094,150.8399963,42.18170005,19.02159991,81.3644993,14.28345646,1335.339986,182.7272601
ERR531621,27,-200,0,0,0,0,0,0,0,0,0,0
ERR531622,354,-100,0,0,0,0,0,0,0,0,0,0
ERR531623,123,-200,0,0,0,0,0,0,0,0,0,0
ERR531624,187,-100,463.1400008,2263.760015,215.8346024,99.75,65.49609996,12.02450006,81.00739999,14.23177484,1245.284983,41.29200001
ERR531625,113,-100,0,0,0,0,0,0,0,0,0,0
ERR531626,235,-100,0,0,0,0,0,0,0,0,0,0
ERR531627,349,-101,0,0,0,0,0,0,0,0,0,0
ERR531628,54,-200,0,0,0,0,0,0,0,0,0,0
ERR531629,158,-101,644.1799994,1562.060005,230.0921017,50,26.12239996,6.046999753,80.36539984,7.852659993,1034.759951,59.17900001
ERR531630,173,-101,266.8099918,2601.129987,296.7270031,384.3999969,116.1653988,14.16299963,82.73379946,50.2241097,4097.389981,124.7979968
ERR531631,203,-100,0,0,0,0,0,0,0,0,0,0
ERR531632,277,-101,0,0,0,0,0,0,0,0,0,0
ERR531633,136,-200,0,0,0,0,0,0,0,0,0,0
ERR531634,223,-100,0,0,0,0,0,0,0,0,0,0
ERR531635,228,-101,0,0,0,0,0,0,0,0,0,0
ERR531636,165,-200,0,0,0,0,0,0,0,0,0,0
ERR531637,125,-101,391.5507813,2339.964478,251.6982555,474.7600098,104.6849737,8.266233683,71.1196326,30.75041652,4096.103683,120.2250004
ERR531638,164,-100,611.54,1530.410001,270.0624008,100,33.49620003,11.03600001,45.76680005,15.15706001,1879.1,149.6327991
ERR531639,44,-200,0,0,0,0,0,0,0,0,0,0
ERR531640,151,-200,0,0,0,0,0,0,0,0,0,0
ERR531641,55,-101,469.4500012,2129.365028,296.292708,189.8400021,61.7771026,14.61350012,89.10150307,22.80034078,3684.125048,86.67700054
ERR531642,296,-100,0,0,0,0,0,0,0,0,0,0
ERR531643,140,-101,615.5200019,1164.699997,124.9838386,338.3600006,27.30676025,4.524799943,81.18267963,5.94418405,1851.09199,29.98059988
ERR531644,337,-101,0,0,0,0,0,0,0,0,0,0
ERR531645,72,-200,0,0,0,0,0,0,0,0,0,0
ERR531646,136,-101,1036.52,1653.312672,211.9596901,190.28,56.59200015,18.18000007,61.17864788,26.75644002,1432.468737,137.0832899
ERR531647,238,-100,0,0,0,0,0,0,0,0,0,0
ERR531648,185,-100,68.83999968,1568.789998,235.2438002,690,38.36739999,9.139999986,59.93279982,10.13101999,2055.219996,53.86999989
ERR531649,58,-200,0,0,0,0,0,0,0,0,0,0
ERR531650,79,-101,0,0,0,0,0,0,0,0,0,0
ERR531651,155,-100,451.059999,1567.480003,173.5723968,66.59999847,72.34049946,10.46333313,42.33946681,27.15296964,2334.21999,66.99566364
ERR531652,306,-101,0,0,0,0,0,0,0,0,0,0
ERR531653,20,-200,0,0,0,0,0,0,0,0,0,0
ERR531654,26,-200,0,0,0,0,0,0,0,0,0,0
ERR531655,122,-101,0,0,0,0,0,0,0,0,0,0
ERR531656,70,-100,287.3749995,2329.880072,272.1323965,422.1599998,98.70074978,11.24950004,93.28880035,42.037665,4334.717256,68.93939263
ERR531657,18,-100,399.8251216,2441.330138,337.7867348,141.5743902,93.30130704,34.25443919,74.78031916,31.70983216,3626.772865,125.7619185
ERR531658,208,-200,0,0,0,0,0,0,0,0,0,0
ERR531659,34,-100,530.352869,2575.513268,316.787137,323.6070328,91.96303183,8.014000058,133.3383017,27.824075,3518.543053,110.9904328
ERR531660,30,-200,0,0,0,0,0,0,0,0,0,0
ERR531661,112,-100,0,0,0,0,0,0,0,0,0,0
ERR531662,197,-101,230.1524998,1613.147789,316.6344841,30,27.00817129,36.73712156,39.11753964,9.016594999,715.854747,153.0484285
ERR531663,351,-100,0,0,0,0,0,0,0,0,0,0
ERR531664,343,-100,0,0,0,0,0,0,0,0,0,0
ERR531665,37,-200,0,0,0,0,0,0,0,0,0,0
ERR531666,79,-100,0,0,0,0,0,0,0,0,0,0
ERR531667,9,-200,0,0,0,0,0,0,0,0,0,0
ERR531668,168,-101,540,2074.5,259.4000015,503,75.60000038,1.799999952,98.40000153,14.79999995,4029.5,115.3999996
ERR531669,337,-100,0,0,0,0,0,0,0,0,0,0
ERR531670,301,-101,0,0,0,0,0,0,0,0,0,0
ERR531671,18,-200,0,0,0,0,0,0,0,0,0,0
ERR531672,106,-101,0,0,0,0,0,0,0,0,0,0
ERR531673,269,-100,0,0,0,0,0,0,0,0,0,0
ERR531674,310,-101,0,0,0,0,0,0,0,0,0,0
ERR531675,47,-101,790.3759983,3331.392003,526.2315619,273,93.8389219,30.12840021,112.0285617,38.64244731,5585.396,250.7916403
ERR531676,232,-100,0,0,0,0,0,0,0,0,0,0
ERR531677,332,-100,0,0,0,0,0,0,0,0,0,0
ERR531678,11,-200,0,0,0,0,0,0,0,0,0,0
ERR531679,207,-101,0,0,0,0,0,0,0,0,0,0
ERR531680,127,-101,817.2040141,2271.057537,355.3778343,244.175952,63.28867469,47.91550045,94.98510027,26.40497,1629.64437,134.9660064
ERR531681,66,-200,0,0,0,0,0,0,0,0,0,0
ERR531682,291,-101,0,0,0,0,0,0,0,0,0,0
ERR531683,84,-100,0,0,0,0,0,0,0,0,0,0
ERR531684,339,-101,0,0,0,0,0,0,0,0,0,0
ERR531685,14,-100,1048.5,3162.590005,415.2726021,370.6399994,98.66300037,13.41199976,128.8152023,28.61288005,4818.440006,159.7969985
ERR531686,253,-100,0,0,0,0,0,0,0,0,0,0
ERR531687,329,-100,0,0,0,0,0,0,0,0,0,0
ERR531688,38,-101,504.5400196,2959.125062,423.1425407,258.1537914,107.5662533,22.98992118,97.66458097,35.3670775,6546.592272,113.0183218
ERR531689,5,-100,651.9949961,2867.537495,482.3457727,198.9674988,65.00524916,22.57599992,78.34952563,20.7955973,2327.97003,218.533299
ERR531690,40,-101,866.166501,1564.984276,236.9236736,69.54999924,46.86165941,20.38394999,60.20377332,9.428866692,2192.265249,170.6804247
ERR531691,4,-100,963.6924996,2886.947506,392.7077019,169.8800049,113.4066237,41.56850028,83.02069914,24.47026513,2873.777537,233.6912485
ERR531692,41,-100,678.0690036,1784.288023,259.5011244,291.6399994,39.54096088,18.36655048,88.7637676,9.912693074,1723.32351,126.6060005
ERR531693,275,-101,0,0,0,0,0,0,0,0,0,0
ERR531694,128,-200,0,0,0,0,0,0,0,0,0,0
ERR531695,155,-200,0,0,0,0,0,0,0,0,0,0
ERR531696,231,-101,0,0,0,0,0,0,0,0,0,0
ERR531697,73,-101,0,0,0,0,0,0,0,0,0,0
ERR531698,220,-100,0,0,0,0,0,0,0,0,0,0
ERR531699,144,-101,658.9500008,3185.427521,529.9580338,270.1100006,51.37949972,28.62999976,117.3689992,15.39451,3316.510826,124.9595984
ERR531700,268,-100,0,0,0,0,0,0,0,0,0,0
ERR531701,230,-101,0,0,0,0,0,0,0,0,0,0
ERR531702,252,-100,0,0,0,0,0,0,0,0,0,0
ERR531703,75,-200,0,0,0,0,0,0,0,0,0,0
ERR531704,199,-101,284.6471004,2076.07861,365.9685173,111.4112167,49.51317573,29.86553228,51.15052938,18.76983231,3343.613245,174.4168646
ERR531705,241,-100,0,0,0,0,0,0,0,0,0,0
ERR531706,280,-100,0,0,0,0,0,0,0,0,0,0
ERR531707,274,-101,0,0,0,0,0,0,0,0,0,0
ERR531708,232,-200,0,0,0,0,0,0,0,0,0,0
ERR531709,192,-101,357.405,1827.430001,250.220401,75,60.78849977,42.39950038,56.09455109,13.15103,2420.204998,60.90674982
ERR531710,143,-101,1051.600001,1758.688736,267.1650829,265.830986,53.80240002,5.792000055,54.97879207,23.8214601,1363.83071,135.3029437
ERR531711,54,-100,840.2159998,1706.131999,279.8115599,49,54.08252,17.66240001,34.28535999,15.11128802,1501.836,148.86764
ERR531712,297,-101,0,0,0,0,0,0,0,0,0,0
ERR531713,240,-100,0,0,0,0,0,0,0,0,0,0
ERR531714,302,-100,0,0,0,0,0,0,0,0,0,0
ERR531715,59,-101,768.1940007,1736.282514,284.560031,224.6131378,38.72023148,11.18373787,54.73627801,13.18706151,1474.897407,181.3146788
ERR531716,96,-100,0,0,0,0,0,0,0,0,0,0
ERR531717,311,-101,0,0,0,0,0,0,0,0,0,0
ERR531718,256,-100,0,0,0,0,0,0,0,0,0,0
ERR531719,8,-100,782.9999981,2430.589999,439.2449999,192,42.32119989,30.58799973,75.63760006,12.29138004,1592.039999,207.2917957
ERR531720,190,-101,213.6849995,2447.020823,278.9228669,350.635,73.48554941,17.61450001,86.37865049,30.9472051,1893.568897,100.6743175
ERR531721,112,-200,0,0,0,0,0,0,0,0,0,0
ERR531722,37,-101,430.0250022,2073.639997,386.701802,27.5,37.02929981,31.28750069,63.69355161,12.87779,2200.545005,145.7777499
ERR531723,227,-100,0,0,0,0,0,0,0,0,0,0
ERR531724,209,-101,0,0,0,0,0,0,0,0,0,0
ERR531725,313,-101,0,0,0,0,0,0,0,0,0,0
ERR531726,174,-100,561.7700005,2692.47997,211.9057026,553.0199915,144.2727966,9.323000431,122.3271982,51.16932899,2409.250002,129.8770014
ERR531727,315,-100,0,0,0,0,0,0,0,0,0,0
ERR531728,305,-101,0,0,0,0,0,0,0,0,0,0
ERR531729,180,-100,534.7399998,1802.37,239,122.5,70.0474,6.5,60.78439999,18.25474,1772.24,133.75
ERR531730,23,-200,0,0,0,0,0,0,0,0,0,0
ERR531731,7,-200,0,0,0,0,0,0,0,0,0,0
ERR531732,135,-100,897.1849966,1611.108536,205.9121056,292.4199963,40.85067487,12.76407702,104.3941342,13.19184267,1002.226677,119.9804865
ERR531733,98,-101,0,0,0,0,0,0,0,0,0,0
ERR531734,186,-100,444.2199993,1522.125096,215.7289944,127.3000031,46.14740038,13.20000005,62.5746007,18.05474019,2526.962265,112.2154922
ERR531735,163,-200,0,0,0,0,0,0,0,0,0,0
ERR531736,199,-100,284.6471004,2076.07861,365.9685173,111.4112167,49.51317573,29.86553228,51.15052938,18.76983231,3343.613245,174.4168646
ERR531737,178,-200,0,0,0,0,0,0,0,0,0,0
ERR531738,292,-101,0,0,0,0,0,0,0,0,0,0
ERR531739,172,-100,412.6399999,1477.820004,214.7043011,260,54.0186,23.06600001,53.90950012,16.56557,1679.78,92.7395
ERR531740,209,-100,0,0,0,0,0,0,0,0,0,0
ERR531741,184,-200,0,0,0,0,0,0,0,0,0,0
ERR531742,35,-101,1021.290022,2822.630029,294.6139062,167.8000031,133.6330008,6.674000084,89.68880112,17.34889,1928.420012,151.908603
ERR531743,329,-101,0,0,0,0,0,0,0,0,0,0
ERR531744,106,-100,0,0,0,0,0,0,0,0,0,0
ERR531745,251,-101,0,0,0,0,0,0,0,0,0,0
ERR531746,151,-100,1079.710001,1780.209981,248.6494007,184.8900013,59.02269983,8.353000045,61.07769966,27.3387301,2018.249987,118.3381991
ERR531747,244,-100,0,0,0,0,0,0,0,0,0,0
ERR531748,361,-100,0,0,0,0,0,0,0,0,0,0
ERR531749,242,-101,0,0,0,0,0,0,0,0,0,0
ERR531750,189,-100,261.9990015,2913.61799,330.2738209,197.0699959,117.4752604,15.21455003,109.571565,29.23553319,3045.54349,60.50149948
ERR531751,201,-200,0,0,0,0,0,0,0,0,0,0
ERR531752,182,-100,408.8399994,2556.439992,337.1836701,388.0250015,80.48037969,4.481899992,132.0515401,33.36263193,5011.571,171.6988
ERR531753,32,-100,198.3159993,1869.265003,220.7088158,299.8373985,52.21695943,8.590335011,105.8171736,19.45355268,2973.463823,99.86436704
ERR531754,126,-101,608.2325716,2862.192436,403.0494894,235.3499985,65.02882417,29.80787505,92.79711705,21.96244113,2843.051487,139.4128814
ERR531755,171,-100,322.04,1284.580011,134.4553986,79,66.34599999,11.19799995,44.51910019,12.55501,1400.33,24.15700001
ERR531756,11,-100,660.8010015,2566.282519,364.4883509,112,51.22940007,12.61370015,88.20645079,8.74208135,1658.836006,147.142599
ERR531757,178,-100,654.9800024,1789.13001,248.0086018,301.1399994,58.67380002,17.33200002,67.18500233,15.28216005,2097.920006,47.9790002
ERR531758,239,-101,0,0,0,0,0,0,0,0,0,0
ERR531759,170,-100,300.7480249,1316.967361,207.1881866,70.62661266,40.89772132,15.62628275,42.10629177,17.87536073,1552.875563,63.57172347
ERR531760,85,-100,0,0,0,0,0,0,0,0,0,0
ERR531761,15,-100,709.6599998,2261.260008,366.5906025,187.5,51.77500004,21.16200005,81.62080021,19.65982001,3328.88,210.7509997
ERR531762,276,-100,0,0,0,0,0,0,0,0,0,0
ERR531763,35,-200,0,0,0,0,0,0,0,0,0,0
ERR531764,342,-101,0,0,0,0,0,0,0,0,0,0
ERR531765,49,-100,379.2920082,2255.648628,268.3103034,39.5,160.7061728,31.33547155,54.77081697,27.14786456,3574.610654,133.3687449
ERR531766,344,-100,0,0,0,0,0,0,0,0,0,0
ERR531767,272,-100,0,0,0,0,0,0,0,0,0,0
ERR531768,226,-100,0,0,0,0,0,0,0,0,0,0
ERR531769,142,-101,338.2590027,2267.088005,297.0646208,336.3600006,79.28926045,21.50255013,105.8734641,27.81775303,3939.753502,63.28350002
ERR531770,136,-100,1036.52,1653.312672,211.9596901,190.28,56.59200015,18.18000007,61.17864788,26.75644002,1432.468737,137.0832899
ERR531771,0,-100,0,0,0,0,0,0,0,0,0,0
ERR531772,262,-100,0,0,0,0,0,0,0,0,0,0
ERR531773,26,-101,694.3071057,2848.700012,327.0262755,421.6049564,102.6083732,28.86213308,122.9241297,29.98332885,4228.447315,162.1953886
ERR531774,88,-101,0,0,0,0,0,0,0,0,0,0
ERR531775,206,-100,0,0,0,0,0,0,0,0,0,0
ERR531776,59,-100,768.1940007,1736.282514,284.560031,224.6131378,38.72023148,11.18373787,54.73627801,13.18706151,1474.897407,181.3146788
ERR531777,108,-100,0,0,0,0,0,0,0,0,0,0
ERR531778,98,-200,0,0,0,0,0,0,0,0,0,0
ERR531779,197,-100,230.1524998,1613.147789,316.6344841,30,27.00817129,36.73712156,39.11753964,9.016594999,715.854747,153.0484285
ERR531780,50,-101,796.4890107,3081.219064,360.3180811,373.8000154,188.5668235,17.40760003,93.44846328,52.64186272,5296.287244,160.9305027
ERR531781,266,-100,0,0,0,0,0,0,0,0,0,0
ERR531782,312,-101,0,0,0,0,0,0,0,0,0,0
ERR531783,166,-200,0,0,0,0,0,0,0,0,0,0
ERR531784,357,-100,0,0,0,0,0,0,0,0,0,0
ERR531785,93,-200,0,0,0,0,0,0,0,0,0,0
ERR531786,241,-200,0,0,0,0,0,0,0,0,0,0
ERR531787,223,-101,0,0,0,0,0,0,0,0,0,0
ERR531788,305,-100,0,0,0,0,0,0,0,0,0,0
ERR531789,99,-100,0,0,0,0,0,0,0,0,0,0
ERR531790,347,-101,0,0,0,0,0,0,0,0,0,0
ERR531791,247,-101,0,0,0,0,0,0,0,0,0,0
ERR531792,181,-101,671.880002,1590.088351,237.476219,215.6399994,42.08820042,10.26000053,52.51898572,5.434120066,1029.970006,100.8192182
ERR531793,170,-101,300.7480249,1316.967361,207.1881866,70.62661266,40.89772132,15.62628275,42.10629177,17.87536073,1552.875563,63.57172347
ERR531794,261,-100,0,0,0,0,0,0,0,0,0,0
ERR531795,97,-101,0,0,0,0,0,0,0,0,0,0
ERR531796,248,-101,0,0,0,0,0,0,0,0,0,0
ERR531797,162,-100,672.8780005,2116.543022,353.2141094,150.8399963,42.18170005,19.02159991,81.3644993,14.28345646,1335.339986,182.7272601
ERR531798,12,-200,0,0,0,0,0,0,0,0,0,0
ERR531799,141,-100,773.9650006,2339.177501,302.237798,417.0900002,64.97000014,18.10800007,134.1738981,16.16284001,3198.679996,138.682699
ERR531800,353,-100,0,0,0,0,0,0,0,0,0,0
ERR531801,307,-100,0,0,0,0,0,0,0,0,0,0
ERR531802,177,-200,0,0,0,0,0,0,0,0,0,0
ERR531803,330,-100,0,0,0,0,0,0,0,0,0,0
ERR531804,295,-100,0,0,0,0,0,0,0,0,0,0
ERR531805,54,-101,840.2159998,1706.131999,279.8115599,49,54.08252,17.66240001,34.28535999,15.11128802,1501.836,148.86764
ERR531806,284,-100,0,0,0,0,0,0,0,0,0,0
ERR531807,67,-200,0,0,0,0,0,0,0,0,0,0
ERR531808,67,-101,890.0800018,2620.380014,299.5992989,260.5900002,118.6478005,27.82800001,91.96680065,29.9437708,3024.540001,115.2037002
ERR531809,326,-101,0,0,0,0,0,0,0,0,0,0
ERR531810,359,-101,0,0,0,0,0,0,0,0,0,0
ERR531811,47,-200,0,0,0,0,0,0,0,0,0,0
ERR531812,141,-200,0,0,0,0,0,0,0,0,0,0
ERR531813,105,-200,0,0,0,0,0,0,0,0,0,0
ERR531814,36,-200,0,0,0,0,0,0,0,0,0,0
ERR531815,72,-100,0,0,0,0,0,0,0,0,0,0
ERR531816,21,-200,0,0,0,0,0,0,0,0,0,0
ERR531817,300,-100,0,0,0,0,0,0,0,0,0,0
ERR531818,147,-200,0,0,0,0,0,0,0,0,0,0
ERR531819,218,-101,0,0,0,0,0,0,0,0,0,0
ERR531820,85,-101,0,0,0,0,0,0,0,0,0,0
ERR531821,183,-100,783.8149941,2236.320027,335.1482928,338.0599976,77.45269785,20.92250068,73.65725017,37.46071986,2897.84496,157.1910492
ERR531822,217,-101,0,0,0,0,0,0,0,0,0,0
ERR531823,79,-101,0,0,0,0,0,0,0,0,0,0
ERR531824,342,-100,0,0,0,0,0,0,0,0,0,0
ERR531825,102,-100,0,0,0,0,0,0,0,0,0,0
ERR531826,149,-101,495.9000015,1726.100021,202.7881002,222.2600098,71.7815004,9.714999914,66.24709904,15.01571027,1392.990051,69.0158006
ERR531827,308,-101,0,0,0,0,0,0,0,0,0,0
ERR531828,177,-100,451.4299998,2207.483731,313.5867805,276.6409836,70.68319984,8.07100001,88.75569165,21.4304702,2116.935708,148.5046933
ERR531829,146,-101,357.9000015,2341.930013,338.8096405,395.2200012,74.69056015,18.22279984,81.93667996,27.40142411,1964.652004,187.5410007
ERR531830,37,-100,430.0250022,2073.639997,386.701802,27.5,37.02929981,31.28750069,63.69355161,12.87779,2200.545005,145.7777499
ERR531831,82,-100,0,0,0,0,0,0,0,0,0,0
ERR531832,222,-101,0,0,0,0,0,0,0,0,0,0
ERR531833,275,-100,0,0,0,0,0,0,0,0,0,0
ERR531834,65,-101,680.3156655,2236.010335,296.9652437,246.2349991,89.39025663,21.3843334,74.04122695,28.85860124,2708.807994,119.659207
ERR531835,312,-100,0,0,0,0,0,0,0,0,0,0
ERR531836,176,-101,447.3099995,2089.420003,309.0049973,151.7000008,74.70080042,14.5,54.42040038,16.05615997,2623.689989,128.5
ERR531837,350,-100,0,0,0,0,0,0,0,0,0,0
ERR531838,48,-200,0,0,0,0,0,0,0,0,0,0
ERR531839,217,-200,0,0,0,0,0,0,0,0,0,0
ERR531840,124,-100,904.5943415,1670.862747,205.3646251,211.508791,59.37695664,18.70350058,72.88138199,29.39380952,1363.200165,84.24777492
ERR531841,253,-101,0,0,0,0,0,0,0,0,0,0
ERR531842,233,-200,0,0,0,0,0,0,0,0,0,0
ERR531843,231,-101,0,0,0,0,0,0,0,0,0,0
ERR531844,128,-101,1014.95,3114.139996,482.3836003,506.6799965,82.37889989,41.81399995,125.8289996,24.56593002,4731.959993,174.2951999
ERR531845,168,-100,540,2074.5,259.4000015,503,75.60000038,1.799999952,98.40000153,14.79999995,4029.5,115.3999996
ERR531846,198,-100,341.5635471,1725.114308,310.348259,47.70560837,37.23128796,32.00676608,40.11946487,13.31062615,2865.05662,148.3851323
ERR531847,219,-100,0,0,0,0,0,0,0,0,0,0
ERR531848,243,-101,0,0,0,0,0,0,0,0,0,0
ERR531849,348,-100,0,0,0,0,0,0,0,0,0,0
ERR531850,157,-200,0,0,0,0,0,0,0,0,0,0
ERR531851,355,-101,0,0,0,0,0,0,0,0,0,0
ERR531852,113,-200,0,0,0,0,0,0,0,0,0,0
ERR531853,58,-100,772.4100018,1746.440004,245.5097008,126.25,58.69310064,15.79199997,66.68460001,9.973709946,2784.190001,84.19579959
ERR531854,286,-100,0,0,0,0,0,0,0,0,0,0
ERR531855,44,-100,601.6677621,2445.881813,387.3215048,131.9099992,76.29548053,27.90678108,65.63185383,20.78402444,1982.867244,189.7093277
ERR531856,236,-101,0,0,0,0,0,0,0,0,0,0
ERR531857,140,-200,0,0,0,0,0,0,0,0,0,0
ERR531858,32,-200,0,0,0,0,0,0,0,0,0,0
ERR531859,24,-100,651.3515058,1521.755625,222.2525041,95,52.83849857,16.37151831,58.03243402,15.87567821,2624.80526,96.56818175
ERR531860,65,-200,0,0,0,0,0,0,0,0,0,0
ERR531861,344,-101,0,0,0,0,0,0,0,0,0,0
ERR531862,91,-101,0,0,0,0,0,0,0,0,0,0
ERR531863,114,-200,0,0,0,0,0,0,0,0,0,0
ERR531864,104,-200,0,0,0,0,0,0,0,0,0,0
ERR531865,294,-101,0,0,0,0,0,0,0,0,0,0
ERR531866,57,-100,532.8280015,2057.824014,270.0993611,203.3099999,71.88975986,4.876199991,83.04268016,19.796736,2464.591999,93.8311609
ERR531867,35,-100,1021.290022,2822.630029,294.6139062,167.8000031,133.6330008,6.674000084,89.68880112,17.34889,1928.420012,151.908603
ERR531868,158,-100,644.1799994,1562.060005,230.0921017,50,26.12239996,6.046999753,80.36539984,7.852659993,1034.759951,59.17900001
ERR531869,325,-100,0,0,0,0,0,0,0,0,0,0
ERR531870,111,-200,0,0,0,0,0,0,0,0,0,0
ERR531871,116,-101,0,0,0,0,0,0,0,0,0,0
ERR531872,164,-200,0,0,0,0,0,0,0,0,0,0
ERR531873,43,-100,575.2604775,1946.493605,324.3745549,137.1000004,46.4910163,21.43200043,64.00220035,19.37521151,4476.160328,150.1943922
ERR531874,71,-200,0,0,0,0,0,0,0,0,0,0
ERR531875,280,-101,0,0,0,0,0,0,0,0,0,0
ERR531876,192,-100,357.405,1827.430001,250.220401,75,60.78849977,42.39950038,56.09455109,13.15103,2420.204998,60.90674982
ERR531877,206,-200,0,0,0,0,0,0,0,0,0,0
ERR531878,311,-100,0,0,0,0,0,0,0,0,0,0
ERR531879,149,-200,0,0,0,0,0,0,0,0,0,0
ERR531880,191,-200,0,0,0,0,0,0,0,0,0,0
ERR531881,27,-100,373.3449969,2927.538673,353.0116109,511.4528136,114.6382842,12.43066174,105.3222566,45.42978526,4587.579371,131.4273309
ERR531882,49,-200,0,0,0,0,0,0,0,0,0,0
ERR531883,221,-100,0,0,0,0,0,0,0,0,0,0
ERR531884,293,-101,0,0,0,0,0,0,0,0,0,0
ERR531885,56,-100,562.0743418,1931.057763,229.3253764,731.0987892,59.65075626,2.379500031,113.0663316,16.00331437,1369.550153,123.1516258
ERR531886,327,-100,0,0,0,0,0,0,0,0,0,0
ERR531887,7,-100,845.2853379,2900.844763,517.8185101,199.508791,53.00759773,23.25119989,96.06179023,14.89386155,1934.939163,248.8018216
ERR531888,112,-101,0,0,0,0,0,0,0,0,0,0
ERR531889,34,-200,0,0,0,0,0,0,0,0,0,0
ERR531890,25,-100,792.7485063,2270.721739,259.8987205,412.2880268,72.48007087,7.385225236,100.8401669,15.08756566,3109.553837,81.99413694
ERR531891,291,-100,0,0,0,0,0,0,0,0,0,0
ERR531892,227,-101,0,0,0,0,0,0,0,0,0,0
ERR531893,310,-100,0,0,0,0,0,0,0,0,0,0
ERR531894,210,-101,0,0,0,0,0,0,0,0,0,0
ERR531895,64,-100,289.7666674,1116.873342,144.0484338,154.6800003,42.30526678,5.123333186,42.57296737,8.203383506,1074.050001,67.13036657
ERR531896,150,-101,630,1546,221,99.10000038,52.5,13.8499999,44.5,20.30000019,1873,115
ERR531897,137,-101,1163.939995,2799.70993,306.1702976,362.7699897,112.9680958,19.07700002,122.8101974,43.73462844,2218.929962,127.2931994
ERR531898,152,-101,1320.54,2057.770009,305.5086021,142.5,65.48980001,19.63200003,63.53460026,23.6264,2769.82,127.079
ERR531899,143,-200,0,0,0,0,0,0,0,0,0,0
ERR531900,244,-101,0,0,0,0,0,0,0,0,0,0
ERR531901,3,-200,0,0,0,0,0,0,0,0,0,0
ERR531902,315,-101,0,0,0,0,0,0,0,0,0,0
ERR531903,43,-200,0,0,0,0,0,0,0,0,0,0
ERR531904,53,-200,0,0,0,0,0,0,0,0,0,0
ERR531905,348,-101,0,0,0,0,0,0,0,0,0,0
ERR531906,52,-100,958.282496,2390.334993,403.9954035,131.7000008,54.97290049,43.3685009,94.63315226,18.36125017,3159.600011,157.4627496
ERR531907,282,-101,0,0,0,0,0,0,0,0,0,0
ERR531908,241,-101,0,0,0,0,0,0,0,0,0,0
ERR531909,331,-100,0,0,0,0,0,0,0,0,0,0
ERR531910,118,-100,0,0,0,0,0,0,0,0,0,0
ERR531911,139,-200,0,0,0,0,0,0,0,0,0,0
ERR531912,360,-100,0,0,0,0,0,0,0,0,0,0
ERR531913,214,-100,0,0,0,0,0,0,0,0,0,0
ERR531914,107,-100,0,0,0,0,0,0,0,0,0,0
ERR531915,194,-200,0,0,0,0,0,0,0,0,0,0
ERR531916,19,-100,647.5429333,2139.249287,303.2670082,104.5,64.9655077,30.0795081,58.28337972,28.26797099,2139.507539,161.5277307
ERR531917,304,-101,0,0,0,0,0,0,0,0,0,0
ERR531918,246,-100,0,0,0,0,0,0,0,0,0,0
ERR531919,42,-200,0,0,0,0,0,0,0,0,0,0
ERR531920,120,-101,0,0,0,0,0,0,0,0,0,0
ERR531921,68,-100,115.0725,2320.031747,363.669657,106,29.85620003,20.19950008,58.45434968,8.583699999,2505.469606,102.2601569
ERR531922,328,-101,0,0,0,0,0,0,0,0,0,0
ERR531923,100,-101,0,0,0,0,0,0,0,0,0,0
ERR531924,36,-100,442.9200001,1725.960009,312.0086021,116.25,38.01360001,20.38200003,48.42740026,15.12878,1864.2,111.079
ERR531925,224,-100,0,0,0,0,0,0,0,0,0,0
ERR531926,242,-200,0,0,0,0,0,0,0,0,0,0
ERR531927,193,-101,278.8449996,1504.408898,245.9887922,0,36.87256046,37.21918626,38.61633313,8.524570037,2333.966122,81.35752662
ERR531928,34,-101,530.352869,2575.513268,316.787137,323.6070328,91.96303183,8.014000058,133.3383017,27.824075,3518.543053,110.9904328
ERR531929,332,-101,0,0,0,0,0,0,0,0,0,0
ERR531930,215,-200,0,0,0,0,0,0,0,0,0,0
ERR531931,39,-101,922.3399894,2279.23246,397.8122466,204.0937424,52.71839922,34.80725037,74.6238476,22.85692994,1058.066241,210.622297
ERR531932,195,-200,0,0,0,0,0,0,0,0,0,0
ERR531933,239,-100,0,0,0,0,0,0,0,0,0,0
ERR531934,167,-101,734.4899998,1758.595006,272.5860004,64.5,60.02490038,5.955000043,41.39990044,21.18024001,1379.615,177.34125
ERR531935,346,-101,0,0,0,0,0,0,0,0,0,0
ERR531936,232,-101,0,0,0,0,0,0,0,0,0,0
ERR531937,171,-200,0,0,0,0,0,0,0,0,0,0
ERR531938,30,-100,890.7157345,1720.177922,292.0209641,49.21406555,41.48294315,48.79240027,80.93279631,15.89287698,1623.383089,96.56784468
ERR531939,77,-200,0,0,0,0,0,0,0,0,0,0
ERR531940,273,-101,0,0,0,0,0,0,0,0,0,0
ERR531941,349,-100,0,0,0,0,0,0,0,0,0,0
ERR531942,225,-100,0,0,0,0,0,0,0,0,0,0
ERR531943,107,-200,0,0,0,0,0,0,0,0,0,0
ERR531944,288,-101,0,0,0,0,0,0,0,0,0,0
ERR531945,87,-101,0,0,0,0,0,0,0,0,0,0
ERR531946,138,-101,1820.42,1124.26268,158.2822909,82,30.80039962,21.48099998,40.98984802,12.10025981,1609.28873,25.36068965
ERR531947,218,-100,0,0,0,0,0,0,0,0,0,0
ERR531948,191,-101,281.8599987,2134.13001,276.4752026,650.8399963,66.23839989,20.24000001,79.5619993,22.04832041,1678.579996,67.06000018
ERR531949,281,-100,0,0,0,0,0,0,0,0,0,0
ERR531950,258,-101,0,0,0,0,0,0,0,0,0,0
ERR531951,297,-100,0,0,0,0,0,0,0,0,0,0
ERR531952,339,-100,0,0,0,0,0,0,0,0,0,0
ERR531953,60,-101,1048.043343,2971.95477,430.9206077,254.7887909,97.07423683,13.16660015,145.3600713,43.01936749,3638.401164,197.571705
ERR531954,161,-200,0,0,0,0,0,0,0,0,0,0
ERR531955,274,-100,0,0,0,0,0,0,0,0,0,0
ERR531956,125,-200,0,0,0,0,0,0,0,0,0,0
ERR531957,147,-100,597.0700045,1990.940029,330.556206,417.6399994,38.75830042,15.14700001,81.89400238,7.459810108,2044.460007,174.8233996
ERR531958,173,-100,266.8099918,2601.129987,296.7270031,384.3999969,116.1653988,14.16299963,82.73379946,50.2241097,4097.389981,124.7979968
ERR531959,206,-101,0,0,0,0,0,0,0,0,0,0
ERR531960,76,-100,0,0,0,0,0,0,0,0,0,0
ERR531961,137,-200,0,0,0,0,0,0,0,0,0,0
ERR531962,257,-101,0,0,0,0,0,0,0,0,0,0
ERR531963,90,-100,0,0,0,0,0,0,0,0,0,0
ERR531964,324,-100,0,0,0,0,0,0,0,0,0,0
ERR531965,116,-100,0,0,0,0,0,0,0,0,0,0
ERR531966,333,-100,0,0,0,0,0,0,0,0,0,0
ERR531967,316,-101,0,0,0,0,0,0,0,0,0,0
ERR531968,149,-100,495.9000015,1726.100021,202.7881002,222.2600098,71.7815004,9.714999914,66.24709904,15.01571027,1392.990051,69.0158006
ERR531969,159,-200,0,0,0,0,0,0,0,0,0,0
ERR531970,190,-200,0,0,0,0,0,0,0,0,0,0
ERR531971,191,-100,281.8599987,2134.13001,276.4752026,650.8399963,66.23839989,20.24000001,79.5619993,22.04832041,1678.579996,67.06000018
ERR531972,222,-100,0,0,0,0,0,0,0,0,0,0
ERR531973,327,-101,0,0,0,0,0,0,0,0,0,0
ERR531974,210,-100,0,0,0,0,0,0,0,0,0,0
ERR531975,122,-100,0,0,0,0,0,0,0,0,0,0
ERR531976,273,-100,0,0,0,0,0,0,0,0,0,0
ERR531977,185,-101,68.83999968,1568.789998,235.2438002,690,38.36739999,9.139999986,59.93279982,10.13101999,2055.219996,53.86999989
ERR531978,203,-200,0,0,0,0,0,0,0,0,0,0
ERR531979,67,-100,890.0800018,2620.380014,299.5992989,260.5900002,118.6478005,27.82800001,91.96680065,29.9437708,3024.540001,115.2037002
ERR531980,246,-101,0,0,0,0,0,0,0,0,0,0
ERR531981,174,-101,561.7700005,2692.47997,211.9057026,553.0199915,144.2727966,9.323000431,122.3271982,51.16932899,2409.250002,129.8770014
ERR531982,25,-200,0,0,0,0,0,0,0,0,0,0
ERR531983,102,-101,0,0,0,0,0,0,0,0,0,0
ERR531984,141,-101,773.9650006,2339.177501,302.237798,417.0900002,64.97000014,18.10800007,134.1738981,16.16284001,3198.679996,138.682699
ERR531985,150,-100,630,1546,221,99.10000038,52.5,13.8499999,44.5,20.30000019,1873,115
ERR531986,120,-100,0,0,0,0,0,0,0,0,0,0
ERR531987,163,-101,480.6579995,2023.015035,268.0577042,147.1619964,66.39039989,23.85700011,92.76029906,19.68356027,1440.996993,107.0008002
ERR531988,177,-101,451.4299998,2207.483731,313.5867805,276.6409836,70.68319984,8.07100001,88.75569165,21.4304702,2116.935708,148.5046933
ERR531989,250,-101,0,0,0,0,0,0,0,0,0,0
ERR531990,277,-100,0,0,0,0,0,0,0,0,0,0
ERR531991,235,-101,0,0,0,0,0,0,0,0,0,0
ERR531992,353,-101,0,0,0,0,0,0,0,0,0,0
ERR531993,129,-101,1251.753319,4219.569958,638.3764284,625.7399998,127.2658997,33.78500009,149.8079988,35.44035994,6072.616638,158.8667998
ERR531994,326,-100,0,0,0,0,0,0,0,0,0,0
ERR531995,318,-101,0,0,0,0,0,0,0,0,0,0
ERR531996,345,-100,0,0,0,0,0,0,0,0,0,0
ERR531997,298,-100,0,0,0,0,0,0,0,0,0,0
ERR531998,180,-101,534.7399998,1802.37,239,122.5,70.0474,6.5,60.78439999,18.25474,1772.24,133.75
ERR531999,237,-101,0,0,0,0,0,0,0,0,0,0
ERR532000,123,-101,239.4299951,1008.059999,149.8784001,285.26,28.45899979,9.5,44.23349936,13.86764004,2219.070002,54.67840004
ERR532001,347,-100,0,0,0,0,0,0,0,0,0,0
ERR532002,100,-100,0,0,0,0,0,0,0,0,0,0
ERR532003,77,-100,0,0,0,0,0,0,0,0,0,0
ERR532004,39,-200,0,0,0,0,0,0,0,0,0,0
ERR532005,6,-100,1355.102659,2889.136671,336.8310451,380.0187931,122.4685166,22.34380019,117.1921465,30.89025237,3225.523337,148.0275227
ERR532006,27,-101,373.3449969,2927.538673,353.0116109,511.4528136,114.6382842,12.43066174,105.3222566,45.42978526,4587.579371,131.4273309
ERR532007,110,-200,0,0,0,0,0,0,0,0,0,0
ERR532008,257,-100,0,0,0,0,0,0,0,0,0,0
ERR532009,42,-100,485.0897803,2594.487481,385.986995,220.4200001,81.45701437,24.903184,85.60554019,23.14899138,4657.833149,166.4400991
ERR532010,219,-101,0,0,0,0,0,0,0,0,0,0
ERR532011,48,-101,323.6120019,1470.122957,183.936604,22.20000076,54.33600033,56.80600041,56.87240215,15.16486085,3153.865735,75.6900022
ERR532012,13,-100,528.0999961,4100.321419,515.3545623,564.3799992,157.6320418,20.23014259,100.7367857,51.02799262,5429.155687,157.0941992
ERR532013,103,-100,0,0,0,0,0,0,0,0,0,0
ERR532014,224,-101,0,0,0,0,0,0,0,0,0,0
ERR532015,81,-100,0,0,0,0,0,0,0,0,0,0
ERR532016,211,-100,0,0,0,0,0,0,0,0,0,0
ERR532017,298,-101,0,0,0,0,0,0,0,0,0,0
ERR532018,68,-200,0,0,0,0,0,0,0,0,0,0
ERR532019,153,-100,673.5899997,2401.830006,308.2676046,219.3600031,102.5872985,12.34500012,70.01240073,35.53013026,3140.440024,121.9045999
ERR532020,89,-100,0,0,0,0,0,0,0,0,0,0
ERR532021,341,-101,0,0,0,0,0,0,0,0,0,0
ERR532022,213,-100,0,0,0,0,0,0,0,0,0,0
ERR532023,42,-101,485.0897803,2594.487481,385.986995,220.4200001,81.45701437,24.903184,85.60554019,23.14899138,4657.833149,166.4400991
ERR532024,195,-100,436.7900009,2619.832715,304.0792913,584.9000092,95.12080005,5.612000048,74.75724936,29.35350002,2808.958737,82.86068965
ERR532025,205,-101,0,0,0,0,0,0,0,0,0,0
ERR532026,299,-101,0,0,0,0,0,0,0,0,0,0
ERR532027,166,-100,804.3800035,2151.820019,350.9303041,468.5400009,46.38120069,9.32799989,90.23510182,13.54222997,5314.090003,193.0447
ERR532028,128,-101,1014.95,3114.139996,482.3836003,506.6799965,82.37889989,41.81399995,125.8289996,24.56593002,4731.959993,174.2951999
ERR532029,43,-101,575.2604775,1946.493605,324.3745549,137.1000004,46.4910163,21.43200043,64.00220035,19.37521151,4476.160328,150.1943922
ERR532030,95,-200,0,0,0,0,0,0,0,0,0,0
ERR532031,230,-200,0,0,0,0,0,0,0,0,0,0
ERR532032,304,-100,0,0,0,0,0,0,0,0,0,0
ERR532033,116,-200,0,0,0,0,0,0,0,0,0,0
ERR532034,181,-100,671.880002,1590.088351,237.476219,215.6399994,42.08820042,10.26000053,52.51898572,5.434120066,1029.970006,100.8192182
ERR532035,292,-100,0,0,0,0,0,0,0,0,0,0
ERR532036,28,-101,445.8000002,2873.752586,346.2123451,554.5714264,109.4852543,9.274857104,129.2216282,37.03594566,5215.49313,126.4023898
ERR532037,162,-200,0,0,0,0,0,0,0,0,0,0
ERR532038,316,-100,0,0,0,0,0,0,0,0,0,0
ERR532039,179,-100,809.8049967,2907.300004,334.7817986,430.0200074,83.52759995,27.80750068,123.6582508,31.15594982,2711.655005,79.61844982
ERR532040,102,-101,0,0,0,0,0,0,0,0,0,0
ERR532041,29,-101,819.6257381,2790.327927,338.760299,344.3340683,100.8396648,7.632000029,108.1236045,42.66029019,2000.032124,188.4818969
ERR532042,105,-100,0,0,0,0,0,0,0,0,0,0
ERR532043,175,-100,502.6399999,1417.070004,203.7543011,132.5,46.7686,6.316000015,46.40950012,14.06557,2873.53,91.0395
ERR532044,61,-100,871.9399977,2498.865,385.6314971,335.3500061,75.62660008,17.23549971,79.31929965,19.19235999,2841.799969,124.8308984
ERR532045,0,-200,0,0,0,0,0,0,0,0,0,0
ERR532046,56,-200,0,0,0,0,0,0,0,0,0,0
ERR532047,50,-100,796.4890107,3081.219064,360.3180811,373.8000154,188.5668235,17.40760003,93.44846328,52.64186272,5296.287244,160.9305027
ERR532048,78,-200,0,0,0,0,0,0,0,0,0,0
ERR532049,314,-100,0,0,0,0,0,0,0,0,0,0
ERR532050,254,-101,0,0,0,0,0,0,0,0,0,0
ERR532051,335,-101,0,0,0,0,0,0,0,0,0,0
ERR532052,74,-100,0,0,0,0,0,0,0,0,0,0
ERR532053,357,-101,0,0,0,0,0,0,0,0,0,0
ERR532054,283,-100,0,0,0,0,0,0,0,0,0,0
ERR532055,101,-100,0,0,0,0,0,0,0,0,0,0
ERR532056,127,-101,817.2040141,2271.057537,355.3778343,244.175952,63.28867469,47.91550045,94.98510027,26.40497,1629.64437,134.9660064
ERR532057,33,-101,658.1989296,3536.124865,402.3529659,329.97013,106.6709761,21.91267567,123.8813428,29.69389847,4007.894043,61.84751376
ERR532058,139,-101,311.5200005,1808.239998,191.1728197,398.5000012,65.39628029,14.78240001,64.59694004,23.05124213,2275.326009,45.67069995
ERR532059,20,-100,554.5600014,2733.06192,274.0890274,547.2600098,124.1590004,16.25,111.6685991,41.70928025,3662.725336,129.272728
ERR532060,86,-101,0,0,0,0,0,0,0,0,0,0
ERR532061,40,-200,0,0,0,0,0,0,0,0,0,0
ERR532062,100,-200,0,0,0,0,0,0,0,0,0,0
ERR532063,236,-100,0,0,0,0,0,0,0,0,0,0
ERR532064,229,-101,0,0,0,0,0,0,0,0,0,0
ERR532065,158,-200,0,0,0,0,0,0,0,0,0,0
ERR532066,243,-100,0,0,0,0,0,0,0,0,0,0
ERR532067,69,-101,517.1766682,2055.893347,283.5657892,293.4199994,57.17546707,6.342333317,90.9884693,18.58820335,2019.265005,115.3092674
ERR532068,125,-100,391.5507813,2339.964478,251.6982555,474.7600098,104.6849737,8.266233683,71.1196326,30.75041652,4096.103683,120.2250004
ERR532069,156,-100,846.5414982,2632.502721,385.6418495,247.9449837,87.90922914,13.55739999,83.76353014,26.39420214,1117.241194,213.0827434
ERR532070,135,-101,897.1849966,1611.108536,205.9121056,292.4199963,40.85067487,12.76407702,104.3941342,13.19184267,1002.226677,119.9804865
ERR532071,179,-200,0,0,0,0,0,0,0,0,0,0
ERR532072,238,-101,0,0,0,0,0,0,0,0,0,0
ERR532073,5,-200,0,0,0,0,0,0,0,0,0,0
ERR532074,160,-101,384.0800023,1312.500409,79.83852458,250.6399994,48.54260017,3.749333292,70.31896317,16.76133001,2302.330003,2.646166686
ERR532075,318,-200,0,0,0,0,0,0,0,0,0,0
ERR532076,38,-100,504.5400196,2959.125062,423.1425407,258.1537914,107.5662533,22.98992118,97.66458097,35.3670775,6546.592272,113.0183218
ERR532077,256,-101,0,0,0,0,0,0,0,0,0,0
ERR532078,7,-100,845.2853379,2900.844763,517.8185101,199.508791,53.00759773,23.25119989,96.06179023,14.89386155,1934.939163,248.8018216
ERR532079,247,-100,0,0,0,0,0,0,0,0,0,0
ERR532080,126,-100,608.2325716,2862.192436,403.0494894,235.3499985,65.02882417,29.80787505,92.79711705,21.96244113,2843.051487,139.4128814
ERR532081,168,-200,0,0,0,0,0,0,0,0,0,0
ERR532082,303,-100,0,0,0,0,0,0,0,0,0,0
ERR532083,265,-100,0,0,0,0,0,0,0,0,0,0
ERR532084,355,-100,0,0,0,0,0,0,0,0,0,0
ERR532085,177,-200,0,0,0,0,0,0,0,0,0,0
ERR532086,134,-101,1010,1590,216,80,60,6.5,51.5,19.25,2335,128.5
ERR532087,121,-200,0,0,0,0,0,0,0,0,0,0
ERR532088,212,-200,0,0,0,0,0,0,0,0,0,0
ERR532089,45,-200,0,0,0,0,0,0,0,0,0,0
ERR532090,205,-100,0,0,0,0,0,0,0,0,0,0
ERR532091,99,-200,0,0,0,0,0,0,0,0,0,0
ERR532092,92,-200,0,0,0,0,0,0,0,0,0,0
ERR532093,229,-200,0,0,0,0,0,0,0,0,0,0
ERR532094,114,-101,0,0,0,0,0,0,0,0,0,0
ERR532095,207,-100,0,0,0,0,0,0,0,0,0,0
ERR532096,113,-101,0,0,0,0,0,0,0,0,0,0
ERR532097,183,-101,783.8149941,2236.320027,335.1482928,338.0599976,77.45269785,20.92250068,73.65725017,37.46071986,2897.84496,157.1910492
ERR532098,217,-100,0,0,0,0,0,0,0,0,0,0
ERR532099,117,-101,0,0,0,0,0,0,0,0,0,0
ERR532100,277,-100,0,0,0,0,0,0,0,0,0,0
ERR532101,175,-200,0,0,0,0,0,0,0,0,0,0
ERR532102,289,-100,0,0,0,0,0,0,0,0,0,0
ERR532103,179,-101,809.8049967,2907.300004,334.7817986,430.0200074,83.52759995,27.80750068,123.6582508,31.15594982,2711.655005,79.61844982
ERR532104,148,-100,343.1299982,2220.03069,407.8157024,146.3599997,36.43799886,14.95299983,73.86829996,8.241000008,1599.136141,194.7396479
ERR532105,28,-200,0,0,0,0,0,0,0,0,0,0
ERR532106,284,-101,0,0,0,0,0,0,0,0,0,0
ERR532107,211,-200,0,0,0,0,0,0,0,0,0,0
ERR532108,138,-200,0,0,0,0,0,0,0,0,0,0
ERR532109,185,-200,0,0,0,0,0,0,0,0,0,0
ERR532110,46,-200,0,0,0,0,0,0,0,0,0,0
ERR532111,22,-200,0,0,0,0,0,0,0,0,0,0
ERR532112,142,-100,338.2590027,2267.088005,297.0646208,336.3600006,79.28926045,21.50255013,105.8734641,27.81775303,3939.753502,63.28350002
ERR532113,255,-101,0,0,0,0,0,0,0,0,0,0
ERR532114,233,-101,0,0,0,0,0,0,0,0,0,0
ERR532115,213,-101,0,0,0,0,0,0,0,0,0,0
ERR532116,214,-200,0,0,0,0,0,0,0,0,0,0
ERR532117,290,-101,0,0,0,0,0,0,0,0,0,0
ERR532118,87,-100,0,0,0,0,0,0,0,0,0,0
ERR532119,127,-100,817.2040141,2271.057537,355.3778343,244.175952,63.28867469,47.91550045,94.98510027,26.40497,1629.64437,134.9660064
ERR532120,12,-100,1165.410698,3132.495355,390.8781891,240.4232466,119.7729557,19.41399997,93.10560639,46.97203556,4185.83243,162.6165898
ERR532121,153,-101,673.5899997,2401.830006,308.2676046,219.3600031,102.5872985,12.34500012,70.01240073,35.53013026,3140.440024,121.9045999
ERR532122,293,-100,0,0,0,0,0,0,0,0,0,0
ERR532123,55,-100,469.4500012,2129.365028,296.292708,189.8400021,61.7771026,14.61350012,89.10150307,22.80034078,3684.125048,86.67700054
ERR532124,82,-100,0,0,0,0,0,0,0,0,0,0
ERR532125,97,-200,0,0,0,0,0,0,0,0,0,0
ERR532126,14,-200,0,0,0,0,0,0,0,0,0,0
ERR532127,205,-200,0,0,0,0,0,0,0,0,0,0
ERR532128,122,-200,0,0,0,0,0,0,0,0,0,0
ERR532129,144,-200,0,0,0,0,0,0,0,0,0,0
ERR532130,26,-100,694.3071057,2848.700012,327.0262755,421.6049564,102.6083732,28.86213308,122.9241297,29.98332885,4228.447315,162.1953886
ERR532131,364,-100,0,0,0,0,0,0,0,0,0,0
ERR532132,352,-100,0,0,0,0,0,0,0,0,0,0
ERR532133,107,-101,0,0,0,0,0,0,0,0,0,0
ERR532134,201,-101,316.5899992,1827.532659,252.9631357,222,49.27919984,10.77399979,76.74669731,15.79598495,4335.713731,111.2409397
ERR532135,234,-101,0,0,0,0,0,0,0,0,0,0
ERR532136,13,-200,0,0,0,0,0,0,0,0,0,0
ERR532137,356,-101,0,0,0,0,0,0,0,0,0,0
ERR532138,248,-100,0,0,0,0,0,0,0,0,0,0
ERR532139,148,-200,0,0,0,0,0,0,0,0,0,0
ERR532140,334,-100,0,0,0,0,0,0,0,0,0,0
ERR532141,130,-101,1307.870007,2737.420007,254.8720016,556,118.5707,32.52399981,173.6465999,36.04509,5325.049997,68.23660111
ERR532142,354,-101,0,0,0,0,0,0,0,0,0,0
ERR532143,91,-100,0,0,0,0,0,0,0,0,0,0
ERR532144,61,-101,871.9399977,2498.865,385.6314971,335.3500061,75.62660008,17.23549971,79.31929965,19.19235999,2841.799969,124.8308984
ERR532145,184,-100,435.8400021,1412.270001,227.6179992,440,33.13240004,9.819999933,49.95040011,8.581040005,1516.34,123.2980014
ERR532146,271,-101,0,0,0,0,0,0,0,0,0,0
ERR532147,15,-200,0,0,0,0,0,0,0,0,0,0
ERR532148,16,-200,0,0,0,0,0,0,0,0,0,0
ERR532149,45,-100,658.6941364,2851.394848,442.0122627,210.6470575,105.3718027,29.93873508,56.83579069,38.29338291,2733.427669,263.0407655
ERR532150,341,-100,0,0,0,0,0,0,0,0,0,0
ERR532151,328,-100,0,0,0,0,0,0,0,0,0,0
ERR532152,64,-200,0,0,0,0,0,0,0,0,0,0
ERR532153,131,-200,0,0,0,0,0,0,0,0,0,0
ERR532154,302,-101,0,0,0,0,0,0,0,0,0,0
ERR532155,164,-101,611.54,1530.410001,270.0624008,100,33.49620003,11.03600001,45.76680005,15.15706001,1879.1,149.6327991
ERR532156,309,-101,0,0,0,0,0,0,0,0,0,0
ERR532157,163,-100,480.6579995,2023.015035,268.0577042,147.1619964,66.39039989,23.85700011,92.76029906,19.68356027,1440.996993,107.0008002
ERR532158,1,-100,459.2759972,2169.096992,269.9760566,306.7199955,69.9737981,27.48480046,121.0242804,8.045509922,3306.275992,28.62638021
ERR532159,263,-100,0,0,0,0,0,0,0,0,0,0
ERR532160,277,-101,0,0,0,0,0,0,0,0,0,0
ERR532161,333,-101,0,0,0,0,0,0,0,0,0,0
ERR532162,189,-200,0,0,0,0,0,0,0,0,0,0
ERR532163,216,-100,0,0,0,0,0,0,0,0,0,0
ERR532164,39,-100,922.3399894,2279.23246,397.8122466,204.0937424,52.71839922,34.80725037,74.6238476,22.85692994,1058.066241,210.622297
ERR532165,4,-200,0,0,0,0,0,0,0,0,0,0
ERR532166,249,-100,0,0,0,0,0,0,0,0,0,0
ERR532167,62,-200,0,0,0,0,0,0,0,0,0,0
ERR532168,88,-100,0,0,0,0,0,0,0,0,0,0
ERR532169,145,-101,1365.251495,3237.70396,587.0859547,201.0239995,78.28395113,24.21099967,79.23939931,27.24177854,3416.204403,241.0640984
ERR532170,210,-200,0,0,0,0,0,0,0,0,0,0
ERR532171,250,-100,0,0,0,0,0,0,0,0,0,0
ERR532172,200,-100,920.8000002,1961.470014,287.2226019,166.6399994,48.65780047,22.84799999,67.5906024,21.39772005,3861.580004,102.1968
ERR532173,66,-100,977.4666653,1818.960475,181.9985615,169.9942868,89.69798118,11.40890473,70.5497523,33.17331622,3074.968588,52.80595259
ERR532174,340,-100,0,0,0,0,0,0,0,0,0,0
ERR532175,281,-101,0,0,0,0,0,0,0,0,0,0
ERR532176,317,-101,0,0,0,0,0,0,0,0,0,0
ERR532177,352,-101,0,0,0,0,0,0,0,0,0,0
ERR532178,139,-100,311.5200005,1808.239998,191.1728197,398.5000012,65.39628029,14.78240001,64.59694004,23.05124213,2275.326009,45.67069995
ERR532179,251,-100,0,0,0,0,0,0,0,0,0,0
ERR532180,118,-200,0,0,0,0,0,0,0,0,0,0
ERR532181,99,-101,0,0,0,0,0,0,0,0,0,0
ERR532182,81,-101,0,0,0,0,0,0,0,0,0,0
ERR532183,197,-200,0,0,0,0,0,0,0,0,0,0
ERR532184,32,-101,198.3159993,1869.265003,220.7088158,299.8373985,52.21695943,8.590335011,105.8171736,19.45355268,2973.463823,99.86436704
ERR532185,212,-101,0,0,0,0,0,0,0,0,0,0
ERR532186,65,-100,680.3156655,2236.010335,296.9652437,246.2349991,89.39025663,21.3843334,74.04122695,28.85860124,2708.807994,119.659207
ERR532187,307,-101,0,0,0,0,0,0,0,0,0,0
ERR532188,154,-101,439.0499978,4027.000016,358.7390051,514.7999954,129.1832017,10.24100012,245.8056995,46.69978015,5173.749988,96.46529914
ERR532189,156,-200,0,0,0,0,0,0,0,0,0,0
ERR532190,50,-200,0,0,0,0,0,0,0,0,0,0
ERR532191,290,-100,0,0,0,0,0,0,0,0,0,0
ERR532192,108,-200,0,0,0,0,0,0,0,0,0,0
ERR532193,215,-100,0,0,0,0,0,0,0,0,0,0
ERR532194,202,-100,224.7399998,1863.175008,241.7119026,295,64.0474,12,49.28439999,13.10474002,3830.1335,75.79710007
ERR532195,260,-100,0,0,0,0,0,0,0,0,0,0
ERR532196,364,-101,0,0,0,0,0,0,0,0,0,0
ERR532197,49,-101,379.2920082,2255.648628,268.3103034,39.5,160.7061728,31.33547155,54.77081697,27.14786456,3574.610654,133.3687449
ERR532198,,-100,0,0,0,0,0,0,0,0,0,0
ERR532199,146,-100,357.9000015,2341.930013,338.8096405,395.2200012,74.69056015,18.22279984,81.93667996,27.40142411,1964.652004,187.5410007
ERR532200,165,-100,319.4799995,1653.74,244.2000008,50,47.69480038,9.200000048,45.16880035,19.50948,2831.98,154.5
ERR532201,283,-101,0,0,0,0,0,0,0,0,0,0
ERR532202,345,-101,0,0,0,0,0,0,0,0,0,0
ERR532203,211,-101,0,0,0,0,0,0,0,0,0,0
ERR532204,238,-101,0,0,0,0,0,0,0,0,0,0
ERR532205,31,-101,737.7579906,1724.451712,234.7856625,113.4864883,67.28603289,22.74632458,58.85279702,29.99984748,1193.713205,124.4246305
ERR532206,335,-100,0,0,0,0,0,0,0,0,0,0
ERR532207,76,-200,0,0,0,0,0,0,0,0,0,0
ERR532208,151,-101,1079.710001,1780.209981,248.6494007,184.8900013,59.02269983,8.353000045,61.07769966,27.3387301,2018.249987,118.3381991
ERR532209,172,-200,0,0,0,0,0,0,0,0,0,0
ERR532210,284,-101,0,0,0,0,0,0,0,0,0,0
ERR532211,196,-200,0,0,0,0,0,0,0,0,0,0
ERR532212,109,-200,0,0,0,0,0,0,0,0,0,0
ERR532213,259,-100,0,0,0,0,0,0,0,0,0,0
ERR532214,157,-101,69.1899991,1074.570011,170.7663012,122.3499985,21.42834996,9.21299988,51.43479896,7.058004986,369.899998,60.21609832
ERR532215,322,-100,0,0,0,0,0,0,0,0,0,0
ERR532216,70,-200,0,0,0,0,0,0,0,0,0,0
ERR532217,57,-200,0,0,0,0,0,0,0,0,0,0
ERR532218,338,-101,0,0,0,0,0,0,0,0,0,0
ERR532219,194,-100,257.6250007,2651.760006,359.887006,182.7200012,74.96950006,22.23950066,101.6285493,26.49038984,2061.244982,104.2267498
ERR532220,84,-100,0,0,0,0,0,0,0,0,0,0
ERR532221,124,-101,904.5943415,1670.862747,205.3646251,211.508791,59.37695664,18.70350058,72.88138199,29.39380952,1363.200165,84.24777492
ERR532222,287,-100,0,0,0,0,0,0,0,0,0,0
ERR532223,199,-200,0,0,0,0,0,0,0,0,0,0
ERR532224,6,-200,0,0,0,0,0,0,0,0,0,0
ERR532225,167,-200,0,0,0,0,0,0,0,0,0,0
ERR532226,166,-101,804.3800035,2151.820019,350.9303041,468.5400009,46.38120069,9.32799989,90.23510182,13.54222997,5314.090003,193.0447
ERR532227,358,-100,0,0,0,0,0,0,0,0,0,0
ERR532228,184,-101,435.8400021,1412.270001,227.6179992,440,33.13240004,9.819999933,49.95040011,8.581040005,1516.34,123.2980014
ERR532229,336,-101,0,0,0,0,0,0,0,0,0,0
ERR532230,59,-200,0,0,0,0,0,0,0,0,0,0
ERR532231,45,-101,658.6941364,2851.394848,442.0122627,210.6470575,105.3718027,29.93873508,56.83579069,38.29338291,2733.427669,263.0407655
ERR532232,308,-100,0,0,0,0,0,0,0,0,0,0
ERR532233,204,-200,0,0,0,0,0,0,0,0,0,0
ERR532234,178,-101,654.9800024,1789.13001,248.0086018,301.1399994,58.67380002,17.33200002,67.18500233,15.28216005,2097.920006,47.9790002
ERR532235,204,-101,0,0,0,0,0,0,0,0,0,0
ERR532236,255,-100,0,0,0,0,0,0,0,0,0,0
ERR532237,98,-100,0,0,0,0,0,0,0,0,0,0
ERR532238,103,-200,0,0,0,0,0,0,0,0,0,0
ERR532239,287,-101,0,0,0,0,0,0,0,0,0,0
ERR532240,334,-101,0,0,0,0,0,0,0,0,0,0
ERR532241,203,-101,0,0,0,0,0,0,0,0,0,0
ERR532242,208,-101,0,0,0,0,0,0,0,0,0,0
ERR532243,254,-100,0,0,0,0,0,0,0,0,0,0
ERR532244,36,-101,442.9200001,1725.960009,312.0086021,116.25,38.01360001,20.38200003,48.42740026,15.12878,1864.2,111.079
ERR532245,323,-100,0,0,0,0,0,0,0,0,0,0
ERR532246,62,-101,248.4840001,2952.395002,274.9664089,626.779995,138.8056854,8.020000428,161.328768,27.69532816,5363.445505,71.28243972
ERR532247,97,-100,0,0,0,0,0,0,0,0,0,0
ERR532248,52,-200,0,0,0,0,0,0,0,0,0,0
ERR532249,115,-100,0,0,0,0,0,0,0,0,0,0
ERR532250,176,-100,447.3099995,2089.420003,309.0049973,151.7000008,74.70080042,14.5,54.42040038,16.05615997,2623.689989,128.5
ERR532251,360,-101,0,0,0,0,0,0,0,0,0,0
ERR532252,74,-100,0,0,0,0,0,0,0,0,0,0
ERR532253,22,-100,1122.439996,3106.425089,536.4070892,129.5,51.73199819,44.25200033,122.2226044,9.147659766,2483.962258,208.353492
ERR532254,330,-101,0,0,0,0,0,0,0,0,0,0
ERR532255,271,-100,0,0,0,0,0,0,0,0,0,0
ERR532256,120,-100,0,0,0,0,0,0,0,0,0,0
ERR532257,2,-100,502.7521281,2082.590738,223.2927916,243.4802818,87.05925351,23.35257703,96.24687505,30.00545592,1887.19175,60.14390744
ERR532258,46,-100,930.9382892,2335.336294,387.180614,241.6268716,57.86443739,17.67010696,52.31903337,21.8882643,1743.573512,257.6591122
ERR532259,226,-101,0,0,0,0,0,0,0,0,0,0
ERR532260,225,-200,0,0,0,0,0,0,0,0,0,0